;Date;code site;Organisme;nom site;valeur brute;NatlStationCode;Name;Municipality;EUStationCode;Latitude;Longitude;Altitude
656;02/01/2024;FR04004;AIRPARIF;PARIS 18eme;15.44773807142857;FR04004;PARIS 18eme;PARIS 18E ARRONDISSEMENT;FR04004;48.891666;2.346667;60
657;03/01/2024;FR04004;AIRPARIF;PARIS 18eme;17.79220235714286;FR04004;PARIS 18eme;PARIS 18E ARRONDISSEMENT;FR04004;48.891666;2.346667;60
658;04/01/2024;FR04004;AIRPARIF;PARIS 18eme;19.27875584507042;FR04004;PARIS 18eme;PARIS 18E ARRONDISSEMENT;FR04004;48.891666;2.346667;60
659;05/01/2024;FR04004;AIRPARIF;PARIS 18eme;20.994907430555557;FR04004;PARIS 18eme;PARIS 18E ARRONDISSEMENT;FR04004;48.891666;2.346667;60
660;06/01/2024;FR04004;AIRPARIF;PARIS 18eme;20.21754083916084;FR04004;PARIS 18eme;PARIS 18E ARRONDISSEMENT;FR04004;48.891666;2.346667;60
661;07/01/2024;FR04004;AIRPARIF;PARIS 18eme;19.407692307692308;FR04004;PARIS 18eme;PARIS 18E ARRONDISSEMENT;FR04004;48.891666;2.346667;60
662;08/01/2024;FR04004;AIRPARIF;PARIS 18eme;21.381770833333334;FR04004;PARIS 18eme;PARIS 18E ARRONDISSEMENT;FR04004;48.891666;2.346667;60
663;09/01/2024;FR04004;AIRPARIF;PARIS 18eme;21.009375;FR04004;PARIS 18eme;PARIS 18E ARRONDISSEMENT;FR04004;48.891666;2.346667;60
664;10/01/2024;FR04004;AIRPARIF;PARIS 18eme;27.820659722222224;FR04004;PARIS 18eme;PARIS 18E ARRONDISSEMENT;FR04004;48.891666;2.346667;60
665;11/01/2024;FR04004;AIRPARIF;PARIS 18eme;36.57297451388889;FR04004;PARIS 18eme;PARIS 18E ARRONDISSEMENT;FR04004;48.891666;2.346667;60
666;12/01/2024;FR04004;AIRPARIF;PARIS 18eme;27.153819444444444;FR04004;PARIS 18eme;PARIS 18E ARRONDISSEMENT;FR04004;48.891666;2.346667;60
667;13/01/2024;FR04004;AIRPARIF;PARIS 18eme;29.22239583333333;FR04004;PARIS 18eme;PARIS 18E ARRONDISSEMENT;FR04004;48.891666;2.346667;60
668;14/01/2024;FR04004;AIRPARIF;PARIS 18eme;28.4234375;FR04004;PARIS 18eme;PARIS 18E ARRONDISSEMENT;FR04004;48.891666;2.346667;60
669;15/01/2024;FR04004;AIRPARIF;PARIS 18eme;24.984759729729728;FR04004;PARIS 18eme;PARIS 18E ARRONDISSEMENT;FR04004;48.891666;2.346667;60
678;02/01/2024;FR04014;AIRPARIF;PARIS 12eme;7.816304347826088;FR04014;PARIS 12eme;PARIS 12E ARRONDISSEMENT;FR04014;48.837223;2.3939;40
679;03/01/2024;FR04014;AIRPARIF;PARIS 12eme;8.741319444444445;FR04014;PARIS 12eme;PARIS 12E ARRONDISSEMENT;FR04014;48.837223;2.3939;40
680;04/01/2024;FR04014;AIRPARIF;PARIS 12eme;16.31074884057971;FR04014;PARIS 12eme;PARIS 12E ARRONDISSEMENT;FR04014;48.837223;2.3939;40
681;05/01/2024;FR04014;AIRPARIF;PARIS 12eme;20.232986111111114;FR04014;PARIS 12eme;PARIS 12E ARRONDISSEMENT;FR04014;48.837223;2.3939;40
682;06/01/2024;FR04014;AIRPARIF;PARIS 12eme;18.56597222222222;FR04014;PARIS 12eme;PARIS 12E ARRONDISSEMENT;FR04014;48.837223;2.3939;40
683;07/01/2024;FR04014;AIRPARIF;PARIS 12eme;11.665972222222223;FR04014;PARIS 12eme;PARIS 12E ARRONDISSEMENT;FR04014;48.837223;2.3939;40
684;08/01/2024;FR04014;AIRPARIF;PARIS 12eme;16.51736111111111;FR04014;PARIS 12eme;PARIS 12E ARRONDISSEMENT;FR04014;48.837223;2.3939;40
685;09/01/2024;FR04014;AIRPARIF;PARIS 12eme;16.62391304347826;FR04014;PARIS 12eme;PARIS 12E ARRONDISSEMENT;FR04014;48.837223;2.3939;40
686;10/01/2024;FR04014;AIRPARIF;PARIS 12eme;25.023611111111112;FR04014;PARIS 12eme;PARIS 12E ARRONDISSEMENT;FR04014;48.837223;2.3939;40
687;11/01/2024;FR04014;AIRPARIF;PARIS 12eme;43.28923611111111;FR04014;PARIS 12eme;PARIS 12E ARRONDISSEMENT;FR04014;48.837223;2.3939;40
688;12/01/2024;FR04014;AIRPARIF;PARIS 12eme;24.415277777777778;FR04014;PARIS 12eme;PARIS 12E ARRONDISSEMENT;FR04014;48.837223;2.3939;40
689;13/01/2024;FR04014;AIRPARIF;PARIS 12eme;25.745833333333334;FR04014;PARIS 12eme;PARIS 12E ARRONDISSEMENT;FR04014;48.837223;2.3939;40
690;14/01/2024;FR04014;AIRPARIF;PARIS 12eme;28.073958333333334;FR04014;PARIS 12eme;PARIS 12E ARRONDISSEMENT;FR04014;48.837223;2.3939;40
691;15/01/2024;FR04014;AIRPARIF;PARIS 12eme;28.228508771929825;FR04014;PARIS 12eme;PARIS 12E ARRONDISSEMENT;FR04014;48.837223;2.3939;40
706;02/01/2024;FR04018;AIRPARIF;AUBERVILLIERS;8.013541666666667;FR04018;AUBERVILLIERS;AUBERVILLIERS;FR04018;48.9039;2.3847;42
707;03/01/2024;FR04018;AIRPARIF;AUBERVILLIERS;9.327083333333333;FR04018;AUBERVILLIERS;AUBERVILLIERS;FR04018;48.9039;2.3847;42
708;04/01/2024;FR04018;AIRPARIF;AUBERVILLIERS;12.56060606060606;FR04018;AUBERVILLIERS;AUBERVILLIERS;FR04018;48.9039;2.3847;42
709;05/01/2024;FR04018;AIRPARIF;AUBERVILLIERS;18.827777777777776;FR04018;AUBERVILLIERS;AUBERVILLIERS;FR04018;48.9039;2.3847;42
710;06/01/2024;FR04018;AIRPARIF;AUBERVILLIERS;17.101041666666667;FR04018;AUBERVILLIERS;AUBERVILLIERS;FR04018;48.9039;2.3847;42
711;07/01/2024;FR04018;AIRPARIF;AUBERVILLIERS;9.787152777777777;FR04018;AUBERVILLIERS;AUBERVILLIERS;FR04018;48.9039;2.3847;42
712;08/01/2024;FR04018;AIRPARIF;AUBERVILLIERS;14.233333333333333;FR04018;AUBERVILLIERS;AUBERVILLIERS;FR04018;48.9039;2.3847;42
713;09/01/2024;FR04018;AIRPARIF;AUBERVILLIERS;16.790625;FR04018;AUBERVILLIERS;AUBERVILLIERS;FR04018;48.9039;2.3847;42
714;10/01/2024;FR04018;AIRPARIF;AUBERVILLIERS;28.734722222222224;FR04018;AUBERVILLIERS;AUBERVILLIERS;FR04018;48.9039;2.3847;42
715;11/01/2024;FR04018;AIRPARIF;AUBERVILLIERS;34.94097222222222;FR04018;AUBERVILLIERS;AUBERVILLIERS;FR04018;48.9039;2.3847;42
716;12/01/2024;FR04018;AIRPARIF;AUBERVILLIERS;20.139492753623188;FR04018;AUBERVILLIERS;AUBERVILLIERS;FR04018;48.9039;2.3847;42
717;13/01/2024;FR04018;AIRPARIF;AUBERVILLIERS;33.56041666666667;FR04018;AUBERVILLIERS;AUBERVILLIERS;FR04018;48.9039;2.3847;42
718;14/01/2024;FR04018;AIRPARIF;AUBERVILLIERS;33.20520833333333;FR04018;AUBERVILLIERS;AUBERVILLIERS;FR04018;48.9039;2.3847;42
719;15/01/2024;FR04018;AIRPARIF;AUBERVILLIERS;25.328508771929823;FR04018;AUBERVILLIERS;AUBERVILLIERS;FR04018;48.9039;2.3847;42
748;02/01/2024;FR04029;AIRPARIF;VERSAILLES;18.439583333333335;FR04029;VERSAILLES;VERSAILLES;FR04029;48.799168;2.130556;125
749;03/01/2024;FR04029;AIRPARIF;VERSAILLES;20.52734375;FR04029;VERSAILLES;VERSAILLES;FR04029;48.799168;2.130556;125
750;04/01/2024;FR04029;AIRPARIF;VERSAILLES;18.664583333333333;FR04029;VERSAILLES;VERSAILLES;FR04029;48.799168;2.130556;125
751;05/01/2024;FR04029;AIRPARIF;VERSAILLES;21.743750000000002;FR04029;VERSAILLES;VERSAILLES;FR04029;48.799168;2.130556;125
752;06/01/2024;FR04029;AIRPARIF;VERSAILLES;15.229947916666667;FR04029;VERSAILLES;VERSAILLES;FR04029;48.799168;2.130556;125
753;07/01/2024;FR04029;AIRPARIF;VERSAILLES;14.075607604166668;FR04029;VERSAILLES;VERSAILLES;FR04029;48.799168;2.130556;125
754;08/01/2024;FR04029;AIRPARIF;VERSAILLES;17.965680967741935;FR04029;VERSAILLES;VERSAILLES;FR04029;48.799168;2.130556;125
755;09/01/2024;FR04029;AIRPARIF;VERSAILLES;18.772916666666667;FR04029;VERSAILLES;VERSAILLES;FR04029;48.799168;2.130556;125
756;10/01/2024;FR04029;AIRPARIF;VERSAILLES;25.55286458333333;FR04029;VERSAILLES;VERSAILLES;FR04029;48.799168;2.130556;125
757;11/01/2024;FR04029;AIRPARIF;VERSAILLES;28.229166666666668;FR04029;VERSAILLES;VERSAILLES;FR04029;48.799168;2.130556;125
758;12/01/2024;FR04029;AIRPARIF;VERSAILLES;21.236011904761906;FR04029;VERSAILLES;VERSAILLES;FR04029;48.799168;2.130556;125
759;13/01/2024;FR04029;AIRPARIF;VERSAILLES;20.697395833333335;FR04029;VERSAILLES;VERSAILLES;FR04029;48.799168;2.130556;125
760;14/01/2024;FR04029;AIRPARIF;VERSAILLES;18.630208333333332;FR04029;VERSAILLES;VERSAILLES;FR04029;48.799168;2.130556;125
761;15/01/2024;FR04029;AIRPARIF;VERSAILLES;23.051315789473687;FR04029;VERSAILLES;VERSAILLES;FR04029;48.799168;2.130556;125
790;02/01/2024;FR04037;AIRPARIF;PARIS 13eme;19.479861145833333;FR04037;PARIS 13eme;PARIS 13E ARRONDISSEMENT;FR04037;48.82861;2.360278;57
791;03/01/2024;FR04037;AIRPARIF;PARIS 13eme;22.07239583333333;FR04037;PARIS 13eme;PARIS 13E ARRONDISSEMENT;FR04037;48.82861;2.360278;57
792;04/01/2024;FR04037;AIRPARIF;PARIS 13eme;22.94739583333333;FR04037;PARIS 13eme;PARIS 13E ARRONDISSEMENT;FR04037;48.82861;2.360278;57
793;05/01/2024;FR04037;AIRPARIF;PARIS 13eme;22.963541666666668;FR04037;PARIS 13eme;PARIS 13E ARRONDISSEMENT;FR04037;48.82861;2.360278;57
794;06/01/2024;FR04037;AIRPARIF;PARIS 13eme;18.725954895833333;FR04037;PARIS 13eme;PARIS 13E ARRONDISSEMENT;FR04037;48.82861;2.360278;57
795;07/01/2024;FR04037;AIRPARIF;PARIS 13eme;16.590104166666666;FR04037;PARIS 13eme;PARIS 13E ARRONDISSEMENT;FR04037;48.82861;2.360278;57
796;08/01/2024;FR04037;AIRPARIF;PARIS 13eme;20.5956596875;FR04037;PARIS 13eme;PARIS 13E ARRONDISSEMENT;FR04037;48.82861;2.360278;57
797;09/01/2024;FR04037;AIRPARIF;PARIS 13eme;15.898958333333333;FR04037;PARIS 13eme;PARIS 13E ARRONDISSEMENT;FR04037;48.82861;2.360278;57
798;10/01/2024;FR04037;AIRPARIF;PARIS 13eme;19.824479166666666;FR04037;PARIS 13eme;PARIS 13E ARRONDISSEMENT;FR04037;48.82861;2.360278;57
799;11/01/2024;FR04037;AIRPARIF;PARIS 13eme;29.44413923076923;FR04037;PARIS 13eme;PARIS 13E ARRONDISSEMENT;FR04037;48.82861;2.360278;57
800;12/01/2024;FR04037;AIRPARIF;PARIS 13eme;22.141927083333332;FR04037;PARIS 13eme;PARIS 13E ARRONDISSEMENT;FR04037;48.82861;2.360278;57
801;13/01/2024;FR04037;AIRPARIF;PARIS 13eme;22.5816840625;FR04037;PARIS 13eme;PARIS 13E ARRONDISSEMENT;FR04037;48.82861;2.360278;57
802;14/01/2024;FR04037;AIRPARIF;PARIS 13eme;21.357031250000002;FR04037;PARIS 13eme;PARIS 13E ARRONDISSEMENT;FR04037;48.82861;2.360278;57
803;15/01/2024;FR04037;AIRPARIF;PARIS 13eme;23.41107447368421;FR04037;PARIS 13eme;PARIS 13E ARRONDISSEMENT;FR04037;48.82861;2.360278;57
860;02/01/2024;FR04055;AIRPARIF;PARIS 1er Les Halles;12.866927083333334;FR04055;PARIS 1er Les Halles;PARIS 1ER ARRONDISSEMENT;FR04055;48.86212;2.344616;35
861;03/01/2024;FR04055;AIRPARIF;PARIS 1er Les Halles;15.593900297619049;FR04055;PARIS 1er Les Halles;PARIS 1ER ARRONDISSEMENT;FR04055;48.86212;2.344616;35
862;04/01/2024;FR04055;AIRPARIF;PARIS 1er Les Halles;16.70728012048193;FR04055;PARIS 1er Les Halles;PARIS 1ER ARRONDISSEMENT;FR04055;48.86212;2.344616;35
863;05/01/2024;FR04055;AIRPARIF;PARIS 1er Les Halles;16.110595238095236;FR04055;PARIS 1er Les Halles;PARIS 1ER ARRONDISSEMENT;FR04055;48.86212;2.344616;35
864;06/01/2024;FR04055;AIRPARIF;PARIS 1er Les Halles;13.746339285714287;FR04055;PARIS 1er Les Halles;PARIS 1ER ARRONDISSEMENT;FR04055;48.86212;2.344616;35
865;07/01/2024;FR04055;AIRPARIF;PARIS 1er Les Halles;14.19433773809524;FR04055;PARIS 1er Les Halles;PARIS 1ER ARRONDISSEMENT;FR04055;48.86212;2.344616;35
866;08/01/2024;FR04055;AIRPARIF;PARIS 1er Les Halles;16.414706845238097;FR04055;PARIS 1er Les Halles;PARIS 1ER ARRONDISSEMENT;FR04055;48.86212;2.344616;35
867;09/01/2024;FR04055;AIRPARIF;PARIS 1er Les Halles;16.743701515151518;FR04055;PARIS 1er Les Halles;PARIS 1ER ARRONDISSEMENT;FR04055;48.86212;2.344616;35
868;10/01/2024;FR04055;AIRPARIF;PARIS 1er Les Halles;21.112816964285713;FR04055;PARIS 1er Les Halles;PARIS 1ER ARRONDISSEMENT;FR04055;48.86212;2.344616;35
869;11/01/2024;FR04055;AIRPARIF;PARIS 1er Les Halles;27.370543154761908;FR04055;PARIS 1er Les Halles;PARIS 1ER ARRONDISSEMENT;FR04055;48.86212;2.344616;35
870;12/01/2024;FR04055;AIRPARIF;PARIS 1er Les Halles;20.01512648809524;FR04055;PARIS 1er Les Halles;PARIS 1ER ARRONDISSEMENT;FR04055;48.86212;2.344616;35
871;13/01/2024;FR04055;AIRPARIF;PARIS 1er Les Halles;21.851425595238094;FR04055;PARIS 1er Les Halles;PARIS 1ER ARRONDISSEMENT;FR04055;48.86212;2.344616;35
872;14/01/2024;FR04055;AIRPARIF;PARIS 1er Les Halles;22.450088333333333;FR04055;PARIS 1er Les Halles;PARIS 1ER ARRONDISSEMENT;FR04055;48.86212;2.344616;35
873;15/01/2024;FR04055;AIRPARIF;PARIS 1er Les Halles;16.649289473684213;FR04055;PARIS 1er Les Halles;PARIS 1ER ARRONDISSEMENT;FR04055;48.86212;2.344616;35
902;02/01/2024;FR04060;AIRPARIF;PARIS 7eme;5.584375;FR04060;PARIS 7eme;PARIS 7E ARRONDISSEMENT;FR04060;48.8572;2.2933;31
903;03/01/2024;FR04060;AIRPARIF;PARIS 7eme;9.844444444444443;FR04060;PARIS 7eme;PARIS 7E ARRONDISSEMENT;FR04060;48.8572;2.2933;31
904;04/01/2024;FR04060;AIRPARIF;PARIS 7eme;8.98263888888889;FR04060;PARIS 7eme;PARIS 7E ARRONDISSEMENT;FR04060;48.8572;2.2933;31
905;05/01/2024;FR04060;AIRPARIF;PARIS 7eme;20.14420304347826;FR04060;PARIS 7eme;PARIS 7E ARRONDISSEMENT;FR04060;48.8572;2.2933;31
906;06/01/2024;FR04060;AIRPARIF;PARIS 7eme;20.53298611111111;FR04060;PARIS 7eme;PARIS 7E ARRONDISSEMENT;FR04060;48.8572;2.2933;31
907;07/01/2024;FR04060;AIRPARIF;PARIS 7eme;17.382986111111112;FR04060;PARIS 7eme;PARIS 7E ARRONDISSEMENT;FR04060;48.8572;2.2933;31
908;08/01/2024;FR04060;AIRPARIF;PARIS 7eme;16.22048597222222;FR04060;PARIS 7eme;PARIS 7E ARRONDISSEMENT;FR04060;48.8572;2.2933;31
909;09/01/2024;FR04060;AIRPARIF;PARIS 7eme;16.79673913043478;FR04060;PARIS 7eme;PARIS 7E ARRONDISSEMENT;FR04060;48.8572;2.2933;31
910;10/01/2024;FR04060;AIRPARIF;PARIS 7eme;27.01736111111111;FR04060;PARIS 7eme;PARIS 7E ARRONDISSEMENT;FR04060;48.8572;2.2933;31
911;11/01/2024;FR04060;AIRPARIF;PARIS 7eme;43.347569444444446;FR04060;PARIS 7eme;PARIS 7E ARRONDISSEMENT;FR04060;48.8572;2.2933;31
912;12/01/2024;FR04060;AIRPARIF;PARIS 7eme;24.293055555555554;FR04060;PARIS 7eme;PARIS 7E ARRONDISSEMENT;FR04060;48.8572;2.2933;31
913;13/01/2024;FR04060;AIRPARIF;PARIS 7eme;29.45659722222222;FR04060;PARIS 7eme;PARIS 7E ARRONDISSEMENT;FR04060;48.8572;2.2933;31
914;14/01/2024;FR04060;AIRPARIF;PARIS 7eme;26.492708333333333;FR04060;PARIS 7eme;PARIS 7E ARRONDISSEMENT;FR04060;48.8572;2.2933;31
915;15/01/2024;FR04060;AIRPARIF;PARIS 7eme;23.975438596491227;FR04060;PARIS 7eme;PARIS 7E ARRONDISSEMENT;FR04060;48.8572;2.2933;31
916;02/01/2024;FR04063;AIRPARIF;MANTES-LA-JOLIE;20.099999999999998;FR04063;MANTES-LA-JOLIE;MANTES-LA-JOLIE;FR04063;48.9964;1.7033;32
917;03/01/2024;FR04063;AIRPARIF;MANTES-LA-JOLIE;22.467447916666668;FR04063;MANTES-LA-JOLIE;MANTES-LA-JOLIE;FR04063;48.9964;1.7033;32
918;04/01/2024;FR04063;AIRPARIF;MANTES-LA-JOLIE;21.483072916666668;FR04063;MANTES-LA-JOLIE;MANTES-LA-JOLIE;FR04063;48.9964;1.7033;32
919;05/01/2024;FR04063;AIRPARIF;MANTES-LA-JOLIE;27.991927083333334;FR04063;MANTES-LA-JOLIE;MANTES-LA-JOLIE;FR04063;48.9964;1.7033;32
920;06/01/2024;FR04063;AIRPARIF;MANTES-LA-JOLIE;21.9796875;FR04063;MANTES-LA-JOLIE;MANTES-LA-JOLIE;FR04063;48.9964;1.7033;32
921;07/01/2024;FR04063;AIRPARIF;MANTES-LA-JOLIE;18.261284791666665;FR04063;MANTES-LA-JOLIE;MANTES-LA-JOLIE;FR04063;48.9964;1.7033;32
922;08/01/2024;FR04063;AIRPARIF;MANTES-LA-JOLIE;21.2921875;FR04063;MANTES-LA-JOLIE;MANTES-LA-JOLIE;FR04063;48.9964;1.7033;32
923;09/01/2024;FR04063;AIRPARIF;MANTES-LA-JOLIE;19.448697916666667;FR04063;MANTES-LA-JOLIE;MANTES-LA-JOLIE;FR04063;48.9964;1.7033;32
924;10/01/2024;FR04063;AIRPARIF;MANTES-LA-JOLIE;23.882552083333334;FR04063;MANTES-LA-JOLIE;MANTES-LA-JOLIE;FR04063;48.9964;1.7033;32
925;11/01/2024;FR04063;AIRPARIF;MANTES-LA-JOLIE;31.73064516129032;FR04063;MANTES-LA-JOLIE;MANTES-LA-JOLIE;FR04063;48.9964;1.7033;32
926;12/01/2024;FR04063;AIRPARIF;MANTES-LA-JOLIE;24.913541666666664;FR04063;MANTES-LA-JOLIE;MANTES-LA-JOLIE;FR04063;48.9964;1.7033;32
927;13/01/2024;FR04063;AIRPARIF;MANTES-LA-JOLIE;22.008854166666666;FR04063;MANTES-LA-JOLIE;MANTES-LA-JOLIE;FR04063;48.9964;1.7033;32
928;14/01/2024;FR04063;AIRPARIF;MANTES-LA-JOLIE;19.50035094736842;FR04063;MANTES-LA-JOLIE;MANTES-LA-JOLIE;FR04063;48.9964;1.7033;32
929;15/01/2024;FR04063;AIRPARIF;MANTES-LA-JOLIE;34.648355263157896;FR04063;MANTES-LA-JOLIE;MANTES-LA-JOLIE;FR04063;48.9964;1.7033;32
1126;02/01/2024;FR04150;AIRPARIF;LA DEFENSE;4.257631578947369;FR04150;LA DEFENSE;PUTEAUX;FR04150;48.891388;2.240556;58
1127;03/01/2024;FR04150;AIRPARIF;LA DEFENSE;4.636197916666666;FR04150;LA DEFENSE;PUTEAUX;FR04150;48.891388;2.240556;58
1128;04/01/2024;FR04150;AIRPARIF;LA DEFENSE;8.952604166666667;FR04150;LA DEFENSE;PUTEAUX;FR04150;48.891388;2.240556;58
1129;05/01/2024;FR04150;AIRPARIF;LA DEFENSE;10.141666666666667;FR04150;LA DEFENSE;PUTEAUX;FR04150;48.891388;2.240556;58
1130;06/01/2024;FR04150;AIRPARIF;LA DEFENSE;11.134114583333334;FR04150;LA DEFENSE;PUTEAUX;FR04150;48.891388;2.240556;58
1131;07/01/2024;FR04150;AIRPARIF;LA DEFENSE;9.222395833333334;FR04150;LA DEFENSE;PUTEAUX;FR04150;48.891388;2.240556;58
1132;08/01/2024;FR04150;AIRPARIF;LA DEFENSE;16.843229166666667;FR04150;LA DEFENSE;PUTEAUX;FR04150;48.891388;2.240556;58
1133;09/01/2024;FR04150;AIRPARIF;LA DEFENSE;23.034114583333334;FR04150;LA DEFENSE;PUTEAUX;FR04150;48.891388;2.240556;58
1134;10/01/2024;FR04150;AIRPARIF;LA DEFENSE;33.30052083333333;FR04150;LA DEFENSE;PUTEAUX;FR04150;48.891388;2.240556;58
1135;11/01/2024;FR04150;AIRPARIF;LA DEFENSE;37.141406249999996;FR04150;LA DEFENSE;PUTEAUX;FR04150;48.891388;2.240556;58
1136;12/01/2024;FR04150;AIRPARIF;LA DEFENSE;22.834895833333334;FR04150;LA DEFENSE;PUTEAUX;FR04150;48.891388;2.240556;58
1137;13/01/2024;FR04150;AIRPARIF;LA DEFENSE;33.29296875;FR04150;LA DEFENSE;PUTEAUX;FR04150;48.891388;2.240556;58
1138;14/01/2024;FR04150;AIRPARIF;LA DEFENSE;26.567708333333332;FR04150;LA DEFENSE;PUTEAUX;FR04150;48.891388;2.240556;58
1139;15/01/2024;FR04150;AIRPARIF;LA DEFENSE;16.52467105263158;FR04150;LA DEFENSE;PUTEAUX;FR04150;48.891388;2.240556;58
1182;02/01/2024;FR04179;AIRPARIF;PARIS Stade Lenglen;3.944736842105263;FR04179;PARIS Stade Lenglen;PARIS 15E ARRONDISSEMENT;FR04179;48.830387;2.269889;32
1183;03/01/2024;FR04179;AIRPARIF;PARIS Stade Lenglen;6.669010416666667;FR04179;PARIS Stade Lenglen;PARIS 15E ARRONDISSEMENT;FR04179;48.830387;2.269889;32
1184;04/01/2024;FR04179;AIRPARIF;PARIS Stade Lenglen;9.147916666666667;FR04179;PARIS Stade Lenglen;PARIS 15E ARRONDISSEMENT;FR04179;48.830387;2.269889;32
1185;05/01/2024;FR04179;AIRPARIF;PARIS Stade Lenglen;12.5546875;FR04179;PARIS Stade Lenglen;PARIS 15E ARRONDISSEMENT;FR04179;48.830387;2.269889;32
1186;06/01/2024;FR04179;AIRPARIF;PARIS Stade Lenglen;13.480434782608697;FR04179;PARIS Stade Lenglen;PARIS 15E ARRONDISSEMENT;FR04179;48.830387;2.269889;32
1187;07/01/2024;FR04179;AIRPARIF;PARIS Stade Lenglen;8.766087916666667;FR04179;PARIS Stade Lenglen;PARIS 15E ARRONDISSEMENT;FR04179;48.830387;2.269889;32
1188;08/01/2024;FR04179;AIRPARIF;PARIS Stade Lenglen;13.026453488372095;FR04179;PARIS Stade Lenglen;PARIS 15E ARRONDISSEMENT;FR04179;48.830387;2.269889;32
1189;09/01/2024;FR04179;AIRPARIF;PARIS Stade Lenglen;16.161197916666666;FR04179;PARIS Stade Lenglen;PARIS 15E ARRONDISSEMENT;FR04179;48.830387;2.269889;32
1190;10/01/2024;FR04179;AIRPARIF;PARIS Stade Lenglen;26.65703125;FR04179;PARIS Stade Lenglen;PARIS 15E ARRONDISSEMENT;FR04179;48.830387;2.269889;32
1191;11/01/2024;FR04179;AIRPARIF;PARIS Stade Lenglen;37.6859375;FR04179;PARIS Stade Lenglen;PARIS 15E ARRONDISSEMENT;FR04179;48.830387;2.269889;32
1192;12/01/2024;FR04179;AIRPARIF;PARIS Stade Lenglen;21.385416666666668;FR04179;PARIS Stade Lenglen;PARIS 15E ARRONDISSEMENT;FR04179;48.830387;2.269889;32
1193;13/01/2024;FR04179;AIRPARIF;PARIS Stade Lenglen;25.043229166666666;FR04179;PARIS Stade Lenglen;PARIS 15E ARRONDISSEMENT;FR04179;48.830387;2.269889;32
1194;14/01/2024;FR04179;AIRPARIF;PARIS Stade Lenglen;20.771701354166666;FR04179;PARIS Stade Lenglen;PARIS 15E ARRONDISSEMENT;FR04179;48.830387;2.269889;32
1195;15/01/2024;FR04179;AIRPARIF;PARIS Stade Lenglen;18.043333333333333;FR04179;PARIS Stade Lenglen;PARIS 15E ARRONDISSEMENT;FR04179;48.830387;2.269889;32
4684;02/01/2024;FR25053;ATMO NORMANDIE;Rouen Proxi Quai de Paris;6.108144642857143;FR25053;Rouen Proxi Quai de Paris;ROUEN;FR25053;49.4367;1.098838;9
4685;03/01/2024;FR25053;ATMO NORMANDIE;Rouen Proxi Quai de Paris;11.426555;FR25053;Rouen Proxi Quai de Paris;ROUEN;FR25053;49.4367;1.098838;9
4686;04/01/2024;FR25053;ATMO NORMANDIE;Rouen Proxi Quai de Paris;14.158696428571428;FR25053;Rouen Proxi Quai de Paris;ROUEN;FR25053;49.4367;1.098838;9
4687;05/01/2024;FR25053;ATMO NORMANDIE;Rouen Proxi Quai de Paris;29.754597222222223;FR25053;Rouen Proxi Quai de Paris;ROUEN;FR25053;49.4367;1.098838;9
4688;06/01/2024;FR25053;ATMO NORMANDIE;Rouen Proxi Quai de Paris;27.685272571428573;FR25053;Rouen Proxi Quai de Paris;ROUEN;FR25053;49.4367;1.098838;9
4689;07/01/2024;FR25053;ATMO NORMANDIE;Rouen Proxi Quai de Paris;15.895187816901407;FR25053;Rouen Proxi Quai de Paris;ROUEN;FR25053;49.4367;1.098838;9
4690;08/01/2024;FR25053;ATMO NORMANDIE;Rouen Proxi Quai de Paris;21.759300347222222;FR25053;Rouen Proxi Quai de Paris;ROUEN;FR25053;49.4367;1.098838;9
4691;09/01/2024;FR25053;ATMO NORMANDIE;Rouen Proxi Quai de Paris;29.82556944444444;FR25053;Rouen Proxi Quai de Paris;ROUEN;FR25053;49.4367;1.098838;9
4692;10/01/2024;FR25053;ATMO NORMANDIE;Rouen Proxi Quai de Paris;38.40181298611111;FR25053;Rouen Proxi Quai de Paris;ROUEN;FR25053;49.4367;1.098838;9
4693;11/01/2024;FR25053;ATMO NORMANDIE;Rouen Proxi Quai de Paris;48.37248958333333;FR25053;Rouen Proxi Quai de Paris;ROUEN;FR25053;49.4367;1.098838;9
4694;12/01/2024;FR25053;ATMO NORMANDIE;Rouen Proxi Quai de Paris;27.357005208333334;FR25053;Rouen Proxi Quai de Paris;ROUEN;FR25053;49.4367;1.098838;9
4695;13/01/2024;FR25053;ATMO NORMANDIE;Rouen Proxi Quai de Paris;24.014990694444446;FR25053;Rouen Proxi Quai de Paris;ROUEN;FR25053;49.4367;1.098838;9
4696;14/01/2024;FR25053;ATMO NORMANDIE;Rouen Proxi Quai de Paris;23.060311875;FR25053;Rouen Proxi Quai de Paris;ROUEN;FR25053;49.4367;1.098838;9
4697;15/01/2024;FR25053;ATMO NORMANDIE;Rouen Proxi Quai de Paris;54.73366741071429;FR25053;Rouen Proxi Quai de Paris;ROUEN;FR25053;49.4367;1.098838;9
7122;02/01/2024;FR82042;ATMO BOURGOGNE-FRANCHE-COMTE;Damparis;6.9417535416666665;FR82042;Damparis;DAMPARIS;FR82042;47.06564;5.415028;210
7123;03/01/2024;FR82042;ATMO BOURGOGNE-FRANCHE-COMTE;Damparis;4.537326458333333;FR82042;Damparis;DAMPARIS;FR82042;47.06564;5.415028;210
7124;04/01/2024;FR82042;ATMO BOURGOGNE-FRANCHE-COMTE;Damparis;6.575173645833334;FR82042;Damparis;DAMPARIS;FR82042;47.06564;5.415028;210
7125;05/01/2024;FR82042;ATMO BOURGOGNE-FRANCHE-COMTE;Damparis;13.67069870967742;FR82042;Damparis;DAMPARIS;FR82042;47.06564;5.415028;210
7126;06/01/2024;FR82042;ATMO BOURGOGNE-FRANCHE-COMTE;Damparis;8.805989583333334;FR82042;Damparis;DAMPARIS;FR82042;47.06564;5.415028;210
7127;07/01/2024;FR82042;ATMO BOURGOGNE-FRANCHE-COMTE;Damparis;4.823958333333333;FR82042;Damparis;DAMPARIS;FR82042;47.06564;5.415028;210
7128;08/01/2024;FR82042;ATMO BOURGOGNE-FRANCHE-COMTE;Damparis;8.649392395833333;FR82042;Damparis;DAMPARIS;FR82042;47.06564;5.415028;210
7129;09/01/2024;FR82042;ATMO BOURGOGNE-FRANCHE-COMTE;Damparis;16.30595238095238;FR82042;Damparis;DAMPARIS;FR82042;47.06564;5.415028;210
7130;10/01/2024;FR82042;ATMO BOURGOGNE-FRANCHE-COMTE;Damparis;16.473563218390805;FR82042;Damparis;DAMPARIS;FR82042;47.06564;5.415028;210
7131;11/01/2024;FR82042;ATMO BOURGOGNE-FRANCHE-COMTE;Damparis;18.109722291666667;FR82042;Damparis;DAMPARIS;FR82042;47.06564;5.415028;210
7132;12/01/2024;FR82042;ATMO BOURGOGNE-FRANCHE-COMTE;Damparis;22.947311827956987;FR82042;Damparis;DAMPARIS;FR82042;47.06564;5.415028;210
7133;13/01/2024;FR82042;ATMO BOURGOGNE-FRANCHE-COMTE;Damparis;12.893055625;FR82042;Damparis;DAMPARIS;FR82042;47.06564;5.415028;210
7134;14/01/2024;FR82042;ATMO BOURGOGNE-FRANCHE-COMTE;Damparis;8.138628541666668;FR82042;Damparis;DAMPARIS;FR82042;47.06564;5.415028;210
7135;15/01/2024;FR82042;ATMO BOURGOGNE-FRANCHE-COMTE;Damparis;16.57203947368421;FR82042;Damparis;DAMPARIS;FR82042;47.06564;5.415028;210
